Position_Pose,Position_PDB,Chain,WT,Mutation,Label,ddG_total_score,wt_total_score,mut_total_score,n_replicas,ddG_fa_atr,ddG_fa_rep,ddG_fa_sol,ddG_fa_intra_rep,ddG_fa_intra_sol_xover4,ddG_lk_ball_wtd,ddG_fa_elec,ddG_hbond_sr_bb,ddG_hbond_lr_bb,ddG_hbond_bb_sc,ddG_hbond_sc,ddG_dslf_fa13,ddG_omega,ddG_fa_dun,ddG_p_aa_pp,ddG_yhh_planarity,ddG_ref,ddG_rama_prepro,ddG_cart_bonded
40,40,A,L,G,L40G,10.01986901371015,-807.3582480963535,-797.3383790826433,1,8.851130198059536,-1.4655782975471254,3.1538929834229066,-0.015150618677380212,-0.07616967443274802,0.11408702634733459,0.06662247894098527,0.024656525713112387,-7.105427357601002e-15,-0.0061974875133046226,-0.0035145744959805825,0.0,0.05528681188735618,-0.3707683647230624,0.7937041288243591,0.0023562116746518313,-0.8633099999999985,0.682091699065694,-0.9232700328362711
40,40,A,L,A,L40A,6.570878128248069,-807.3582480963535,-800.7873699681054,1,7.165074015443906,-1.4689435759015907,2.3356010954850035,-0.01343503440248961,-0.07453717501479673,0.24587168668858084,0.03115480324265718,0.04252320732894077,-7.105427357601002e-15,-0.0015400764569619696,-0.014785381369364359,0.0,0.052509380396000616,-0.38001050730616726,-0.028764031039514748,0.00011044166741369654,-0.3367900000000077,-0.14198159161330892,-0.8411791289001087
40,40,A,L,L,L40L,0.0,-807.3582480963535,-807.3582480963535,1,0.0,0.0,0.0,0.0,0.0,0.0,0.0,0.0,-7.105427357601002e-15,0.0,0.0,0.0,0.0,0.0,0.0,0.0,0.0,0.0,0.0
40,40,A,L,M,L40M,3.417189949987119,-807.3582480963535,-803.9410581463663,1,-1.9483408324076663,0.8137933349676132,1.9373519055197903,0.006661830210576536,-0.04467137311266356,0.18861185264371727,0.3476839057120742,0.11552116259218792,-7.105427357601002e-15,0.0010549872583140996,-0.02639565049125281,0.0,0.13135906220831917,0.9505964501590825,0.33403589134741196,0.001834366789992825,-0.004120000000000346,0.1066347576175879,0.5055782989720115
40,40,A,L,F,L40F,7.767773809486698,-807.3582480963535,-799.5904742868668,1,-2.2073215985815295,3.62030056231805,0.40067924905292784,0.0457260951801004,0.22261832640806745,0.0647172244864862,0.18785336011399068,-0.17173821449495108,-7.105427357601002e-15,-0.04738061134543159,0.03794813397797725,0.0,0.29758050361841093,2.569265653473849,0.5638063825665114,-0.0002510273813723929,-0.44317999999999813,-0.23194193033583232,2.8590917004296443
40,40,A,L,W,L40W,9.789054623526681,-807.3582480963535,-797.5691934728268,1,-0.09660422585716333,0.706678458427973,4.95662394515125,0.030723981364345843,0.4210976295304789,0.18386240877849502,-0.4604149990418591,-0.037406691230103206,-7.105427357601002e-15,-0.08404150706157054,-0.019357630769320622,0.0,0.09133304311376023,3.00496744976806,0.2828418985684067,0.004308341530451787,0.5995200000000125,-0.277621831815388,0.48254435306877497
40,40,A,L,K,L40K,8.672484627872677,-807.3582480963535,-798.6857634684808,1,1.526059560168278,-0.5892697208253708,7.473954176610846,-0.0016632722280127687,0.2966768175690362,-0.3456805562720291,-0.012234446688239586,0.15320421067218604,-7.105427357601002e-15,-0.016358602609457762,-0.017239937666715832,0.0,0.14234329585109418,2.463352620372575,0.23691901095214263,0.0018695345147959896,-2.3760500000000064,-0.11245129580501967,-0.15094676674323182
40,40,A,L,Q,L40Q,5.50644998062171,-807.3582480963535,-801.8517981157318,1,0.03303687715447268,-0.7822366217303909,6.247961123092637,-0.005471201434569917,0.4196919177159657,0.049488542619869236,-0.6081347634265057,0.013069253039390105,-7.105427357601002e-15,-0.010503773112830572,-0.0013769670296142067,0.0,0.11665389464226195,3.497430992578643,0.11480387092892386,0.00016772923860153277,-3.11242,0.04533676538290976,-0.5110476590382262
40,40,A,L,E,L40E,5.655196326875284,-807.3582480963535,-801.7030517694782,1,1.4156614947778507,-1.4308958545924213,8.767329906669033,-0.00873372053948751,0.4951858842764807,0.20826562904647972,-1.4687326639079856,-0.017447688762530333,-7.105427357601002e-15,-0.01573300186662152,-0.000695397494425265,0.0,0.11765133728420896,2.7807950757870685,0.02269168516039599,-0.002976005220142075,-4.385999999999996,-0.2827587431365082,-0.5384116106060617
40,40,A,L,S,L40S,7.485692447543556,-807.3582480963535,-799.8725556488099,1,5.898468633816037,-0.6285514844960574,5.4748122976642435,-0.012545770101449971,-0.048880230165195826,-0.02313472932804217,-1.2450402979353612,-0.016230851191522788,-7.105427357601002e-15,-0.0009496660138808011,-0.0582008040942128,0.0,-0.0001339840004739301,0.11501535339994007,0.591734438337653,0.006149594309255768,-1.9511600000000016,0.18336569515004086,-0.7990257478074767
40,40,A,L,P,L40P,27.54606487352862,-807.3582480963535,-779.8121832228248,1,1.9978392321718275,4.735390989779546,3.704181815552829,-0.0005120908162798976,0.012509216903922038,0.30972081723325573,1.1014299455442824,1.6038125186570653,-7.105427357601002e-15,-0.05029519031828045,0.2744146596668884,0.0,0.6658331292106023,0.6045423653044963,-0.34968506573719793,-0.012183651263140916,-3.3046800000000047,10.383690267951813,5.870055913686741
40,40,A,L,V,L40V,5.071995380677322,-807.3582480963535,-802.2862527156761,1,4.349401721508912,-1.0217612456348775,1.6211390778966006,-2.1747562394036635e-05,-0.007000477379733638,0.2629324226716463,-0.22186783552524503,-0.051842862805528966,-7.105427357601002e-15,-0.037080085860893064,-0.0018743416171673744,0.0,0.23776068271088313,-0.7020622497031752,0.1424992318457683,0.0007521639332551677,0.9812200000000075,0.10827660426518548,-0.5884756780656204
40,40,A,L,I,L40I,3.014066154129864,-807.3582480963535,-804.3441819422236,1,2.0506391328542577,-0.570247805461662,1.58573190209745,0.013323163156409024,0.015005006878794802,0.11286709111437432,-0.21536606087715882,-0.07951119992188183,-7.105427357601002e-15,-0.05139648132212926,-0.014248326638266917,0.0,0.32122293689497017,-0.5596325267448776,0.08509041965606912,0.000552435384842842,0.6422700000000106,0.09353813583668824,-0.4157716687780635
40,40,A,L,C,L40C,6.2255596144864285,-807.3582480963535,-801.132688481867,1,3.8335221025408828,-1.3080287249554488,2.8211563414068905,-0.01260877020009099,-0.06260371448742319,0.14624399083994177,-0.9097170259624363,0.01841872776361697,-7.105427357601002e-15,0.0008813101803752943,-0.016431250800536645,0.0,0.03601705411548917,-0.2927546774105281,0.5884845173606124,0.002463322403424506,1.5933200000000056,0.47318960558934364,-0.6859931938975308
40,40,A,L,Y,L40Y,9.55881388530588,-807.3582480963535,-797.7994342110476,1,-3.2565240319736404,4.004185949363659,3.231089279183834,0.04058816725836545,0.21587193624800705,0.2993250166582584,-0.3161360558415254,-0.17158441094628074,-7.105427357601002e-15,-0.05251768733631934,0.0034987701892248424,0.0,0.47368535615525875,3.256636109499368,0.5253614567662908,0.006507064345871338,-1.0792399999999986,-0.2483731799270963,2.626440145662599
40,40,A,L,H,L40H,6.004344528860997,-807.3582480963535,-801.3539035674925,1,-1.172454983438456,0.5135926574323548,6.167615119743232,-0.006404799926203353,0.23539042100841812,-0.6463303979897219,-0.20928879240693732,-0.146813017042831,-7.105427357601002e-15,0.005263118014596557,0.06088123456676442,0.0,0.15664678773680496,2.795248367372494,0.515602517239202,-0.004426341438824921,-1.9621199999999988,-0.03838249422120654,-0.2596748677887035
40,40,A,L,R,L40R,5.0315027255453515,-807.3582480963535,-802.3267453708081,1,-1.0478042793756686,-0.5660916821221065,9.573724439937791,0.0036625915095687134,0.5941226832460416,-0.3078900388599308,-2.7517896220655302,0.17856171322145542,-7.105427357601002e-15,-0.020609289283399335,-1.3189782294513464,0.0,0.18333826865292302,1.8209221912830458,0.29969655257043826,-0.00017600143793750078,-1.7562099999999958,0.05461565113132849,0.09240777658887112
40,40,A,L,N,L40N,5.2249842592716504,-807.3582480963535,-802.1332638370818,1,2.5711840212557036,-1.161206214595751,6.100591780570539,-0.010201066965237704,0.1790202702936483,-0.38728277602392325,-0.35556896329978827,-0.021030817695361748,-7.105427357601002e-15,0.0035194898206469816,-0.021457536267860178,0.0,0.11652593782124399,0.8958901406426492,0.528482928354876,0.0008260168317775207,-3.001729999999995,0.35331482880599197,-0.5658937802774346
40,40,A,L,D,L40D,7.4797422893406065,-807.3582480963535,-799.8785058070129,1,4.080823542522694,-1.4111459129269122,8.045019084691944,-0.01108461886241896,0.22339036454830818,-0.3450679370208931,-0.41450910098728855,-0.04058854534338252,-7.105427357601002e-15,-0.004210947160260048,-0.03137265198263606,0.0,0.18020432744184323,1.2074160841197568,0.3782051616330051,0.0009511852629426887,-3.8072099999999978,-0.03702547180984794,-0.5340522747863474
40,40,A,L,T,L40T,6.505826470678471,-807.3582480963535,-800.852421625675,1,5.187117631115143,-1.320952980520218,5.253960039095432,-0.008922520543714896,-0.015159701122684055,0.2293165294460735,-2.065244647751456,0.05522268191228363,-7.105427357601002e-15,-0.031114897009999254,-0.03308424626597173,0.0,0.1829983845702694,-0.5634084415019913,0.43168955771572826,0.004380333956152782,-0.5097200000000015,0.3252762739164794,-0.6165275263329733
